ts_code,date,open,high,low,close,pre_close,change,pct_chg,volume,amount
600519.SH,2025-02-27,1460.02,1489.9,1454.0,1485.56,1460.01,25.55,1.75,49762.17,7368002361.0
600519.SH,2025-02-28,1485.5,1528.38,1482.0,1500.79,1485.56,15.23,1.0252,56128.95,8475738165.999999
600519.SH,2025-03-03,1502.6,1520.99,1481.5,1487.02,1500.79,-13.77,-0.9175,31595.66,4736679903.0
600519.SH,2025-03-04,1485.0,1486.0,1465.21,1470.11,1487.02,-16.91,-1.1372,25211.21,3710675863.0
600519.SH,2025-03-05,1472.0,1474.0,1460.1,1466.37,1470.11,-3.74,-0.2544,24605.22,3606932152.0
600519.SH,2025-03-06,1474.0,1510.2,1472.08,1505.98,1466.37,39.61,2.7012,42167.64,6297117400.0
600519.SH,2025-03-07,1503.0,1528.36,1503.0,1521.0,1505.98,15.02,0.9974,37991.35,5760608729.0
600519.SH,2025-03-10,1519.81,1526.88,1506.14,1522.9,1521.0,1.9,0.1249,31369.07,4758789260.0
600519.SH,2025-03-11,1517.0,1548.68,1512.0,1548.68,1522.9,25.78,1.6928,39775.6,6094007854.0
600519.SH,2025-03-12,1546.96,1549.68,1526.35,1542.58,1548.68,-6.1,-0.3939,29603.96,4552923644.0
600519.SH,2025-03-13,1544.0,1555.5,1530.88,1537.77,1542.58,-4.81,-0.3118,25724.39,3966369271.0
600519.SH,2025-03-14,1547.66,1628.01,1541.0,1628.01,1537.77,90.24,5.8682,92913.15,14882842708.0
600519.SH,2025-03-17,1657.0,1657.99,1626.88,1637.86,1628.01,9.85,0.605,54689.13,8985138902.0
600519.SH,2025-03-18,1645.04,1652.0,1621.7,1624.0,1637.86,-13.86,-0.8462,31613.45,5153210436.0
600519.SH,2025-03-19,1624.29,1648.0,1623.0,1635.71,1624.0,11.71,0.7211,27389.55,4477128770.0
600519.SH,2025-03-20,1635.71,1637.6,1595.07,1604.0,1635.71,-31.71,-1.9386,36736.77,5903879207.0
600519.SH,2025-03-21,1599.0,1612.2,1568.83,1573.75,1604.0,-30.25,-1.8859,33614.3,5324973190.0
600519.SH,2025-03-24,1570.0,1589.66,1562.38,1583.0,1573.75,9.25,0.5878,25565.85,4032223482.0
600519.SH,2025-03-25,1588.0,1592.8,1566.66,1575.5,1583.0,-7.5,-0.4738,17674.38,2783286813.0
600519.SH,2025-03-26,1572.77,1582.58,1571.0,1576.0,1575.5,0.5,0.0317,14323.56,2257639750.0
600519.SH,2025-03-27,1576.0,1598.25,1573.38,1589.0,1576.0,13.0,0.8249,17955.63,2848889210.0
600519.SH,2025-03-28,1590.93,1593.0,1576.0,1585.21,1589.0,-3.79,-0.2385,16227.89,2569470015.0
600519.SH,2025-03-31,1580.98,1586.96,1560.06,1561.0,1585.21,-24.21,-1.5272,21084.94,3311857714.0
600519.SH,2025-04-01,1564.0,1569.89,1552.21,1556.02,1561.0,-4.98,-0.319,18556.44,2893739955.0
600519.SH,2025-04-02,1558.0,1567.8,1545.5,1549.02,1556.02,-7.0,-0.4499,21674.01,3371883024.0
600519.SH,2025-04-03,1530.0,1586.0,1529.01,1568.88,1549.02,19.86,1.2821,35480.5,5557442052.0
600519.SH,2025-04-07,1520.01,1536.85,1462.0,1500.0,1568.88,-68.88,-4.3904,101952.67,15314738235.0
600519.SH,2025-04-08,1513.0,1545.0,1495.0,1545.0,1500.0,45.0,3.0,73876.49,11226977557.0
600519.SH,2025-04-09,1525.02,1556.8,1520.55,1541.04,1545.0,-3.96,-0.2563,55630.04,8562928225.0
600519.SH,2025-04-10,1550.99,1555.0,1528.0,1549.0,1541.04,7.96,0.5165,38620.21,5963650791.0
600519.SH,2025-04-11,1579.97,1579.97,1545.0,1568.98,1549.0,19.98,1.2899,32634.23,5087359924.0
600519.SH,2025-04-14,1560.97,1566.0,1551.53,1551.99,1568.98,-16.99,-1.0829,21711.44,3379425640.0
600519.SH,2025-04-15,1552.0,1565.0,1545.0,1558.0,1551.99,6.01,0.3872,21489.28,3339942729.0
600519.SH,2025-04-16,1552.0,1576.0,1537.0,1559.17,1558.0,1.17,0.0751,31156.05,4834880596.0
600519.SH,2025-04-17,1554.0,1576.5,1549.99,1570.0,1559.17,10.83,0.6946,23846.05,3733924973.0
600519.SH,2025-04-18,1566.0,1575.0,1556.0,1565.94,1570.0,-4.06,-0.2586,20298.48,3179974340.0
600519.SH,2025-04-21,1565.5,1565.5,1551.0,1551.0,1565.94,-14.94,-0.9541,18057.03,2808158177.0
600519.SH,2025-04-22,1550.0,1556.3,1543.21,1548.8,1551.0,-2.2,-0.1418,18432.14,2857525967.0
600519.SH,2025-04-23,1559.0,1559.22,1545.0,1552.0,1548.8,3.2,0.2066,18668.76,2895468892.0
600519.SH,2025-04-24,1552.0,1560.68,1548.98,1552.25,1552.0,0.25,0.0161,14871.81,2313372072.0
600519.SH,2025-04-25,1557.1,1561.2,1550.0,1550.0,1552.25,-2.25,-0.145,14764.9,2295029705.0
600519.SH,2025-04-28,1552.0,1555.0,1546.6,1550.0,1550.0,0.0,0.0,14659.72,2274252465.0
600519.SH,2025-04-29,1550.0,1552.54,1532.02,1544.0,1550.0,-6.0,-0.3871,18921.8,2917422938.0
600519.SH,2025-04-30,1549.99,1566.66,1546.3,1547.0,1544.0,3.0,0.1943,25754.25,4005439429.0
600519.SH,2025-05-06,1559.0,1559.0,1544.33,1550.2,1547.0,3.2,0.2069,18300.26,2838614215.0
600519.SH,2025-05-07,1570.0,1570.0,1550.2,1555.0,1550.2,4.8,0.3096,27462.21,4275142569.0
600519.SH,2025-05-08,1553.0,1592.78,1549.83,1578.19,1555.0,23.19,1.4913,33481.06,5265446444.0
600519.SH,2025-05-09,1578.99,1597.45,1575.05,1591.18,1578.19,12.99,0.8231,23671.9,3757574546.0
600519.SH,2025-05-12,1598.0,1618.93,1596.61,1604.5,1591.18,13.32,0.8371,24735.33,3967785800.0
600519.SH,2025-05-13,1608.92,1608.92,1585.11,1590.3,1604.5,-14.2,-0.885,21258.29,3386617848.0
600519.SH,2025-05-14,1590.0,1645.0,1588.18,1634.99,1590.3,44.69,2.8102,39460.12,6394735058.0
600519.SH,2025-05-15,1634.8,1643.59,1624.13,1632.01,1634.99,-2.98,-0.1823,24732.85,4043402636.0
600519.SH,2025-05-16,1633.99,1636.99,1614.13,1614.13,1632.01,-17.88,-1.0956,22935.22,3714508659.0
600519.SH,2025-05-19,1596.0,1600.0,1573.88,1578.98,1614.13,-35.15,-2.1776,38062.83,6021950010.0
600519.SH,2025-05-20,1580.0,1594.8,1575.1,1586.0,1578.98,7.02,0.4446,19521.53,3095742637.0
600519.SH,2025-05-21,1585.0,1595.94,1580.97,1580.97,1586.0,-5.03,-0.3172,19794.64,3143941416.0
600519.SH,2025-05-22,1580.99,1584.99,1570.1,1580.0,1580.97,-0.97,-0.0614,15090.24,2381236586.0
600519.SH,2025-05-23,1575.2,1587.9,1571.66,1572.6,1580.0,-7.4,-0.4684,21537.0,3399424961.0
600519.SH,2025-05-26,1570.0,1574.63,1545.0,1550.5,1572.6,-22.1,-1.4053,27086.53,4212944429.9999995
600519.SH,2025-05-27,1551.0,1558.6,1543.51,1543.9,1550.5,-6.6,-0.4257,17752.13,2748945675.0
600519.SH,2025-05-28,1543.99,1546.46,1533.0,1537.0,1543.9,-6.9,-0.4469,16265.68,2504624605.0
600519.SH,2025-05-29,1540.0,1555.0,1532.0,1540.0,1537.0,3.0,0.1952,21859.58,3375465796.0
600519.SH,2025-05-30,1540.15,1545.0,1515.24,1522.0,1540.0,-18.0,-1.1688,31239.18,4764875947.0
600519.SH,2025-06-03,1508.01,1519.0,1505.02,1509.0,1522.0,-13.0,-0.8541,28979.18,4377892799.0
600519.SH,2025-06-04,1510.5,1523.0,1509.22,1509.96,1509.0,0.96,0.0636,23008.09,3480363797.0
600519.SH,2025-06-05,1514.0,1516.0,1502.2,1514.0,1509.96,4.04,0.2676,23213.66,3504925524.0
600519.SH,2025-06-06,1513.8,1518.97,1503.0,1506.39,1514.0,-7.61,-0.5026,25023.07,3777727616.0
600519.SH,2025-06-09,1505.02,1508.7,1485.68,1486.11,1506.39,-20.28,-1.3463,44958.67,6723839138.0
600519.SH,2025-06-10,1486.0,1492.0,1474.8,1475.01,1486.11,-11.1,-0.7469,30492.2,4511934584.0
600519.SH,2025-06-11,1476.8,1494.0,1476.1,1480.0,1475.01,4.99,0.3383,30892.82,4585522755.0
600519.SH,2025-06-12,1480.0,1483.87,1454.1,1459.0,1480.0,-21.0,-1.4189,49903.61,7306800800.0
600519.SH,2025-06-13,1444.41,1449.97,1425.06,1426.95,1459.0,-32.05,-2.1967,59113.25,8466515559.0
600519.SH,2025-06-16,1401.2,1425.04,1401.18,1422.29,1426.95,-4.66,-0.3266,42887.87,6060448438.0
600519.SH,2025-06-17,1420.0,1427.0,1412.18,1427.0,1422.29,4.71,0.3312,27231.51,3868364671.0
600519.SH,2025-06-18,1440.0,1443.44,1421.01,1425.0,1427.0,-2.0,-0.1402,30760.99,4404131364.0
600519.SH,2025-06-19,1426.0,1433.67,1417.18,1426.0,1425.0,1.0,0.0702,24500.72,3490268568.0
600519.SH,2025-06-20,1423.58,1441.14,1420.2,1428.66,1426.0,2.66,0.1865,34815.81,4990683314.0
600519.SH,2025-06-23,1420.0,1433.0,1405.18,1420.0,1428.66,-8.66,-0.6062,26723.31,3794012343.0
600519.SH,2025-06-24,1423.35,1451.68,1423.35,1437.2,1420.0,17.2,1.2113,36311.51,5229183514.0
600519.SH,2025-06-25,1439.11,1449.2,1420.51,1435.86,1437.2,-1.34,-0.0932,41050.07,5869292227.0
600519.SH,2025-06-26,1415.0,1428.0,1410.08,1420.0,1408.26,11.74,0.8337,34860.25,4955829982.0
600519.SH,2025-06-27,1420.01,1423.0,1403.09,1403.09,1420.0,-16.91,-1.1908,38249.73,5404312675.0
600519.SH,2025-06-30,1403.5,1413.23,1402.0,1409.52,1403.09,6.43,0.4583,30457.3,4287373690.9999995
600519.SH,2025-07-01,1409.0,1411.94,1403.31,1405.1,1409.52,-4.42,-0.3136,19878.19,2794423203.0
600519.SH,2025-07-02,1409.5,1414.8,1400.0,1409.6,1405.1,4.5,0.3203,26218.25,3689246316.0
600519.SH,2025-07-03,1412.0,1422.69,1408.0,1415.6,1409.6,6.0,0.4257,24412.67,3456733002.0
600519.SH,2025-07-04,1415.7,1431.89,1410.01,1422.22,1415.6,6.62,0.4676,28766.91,4086547268.0
600519.SH,2025-07-07,1422.28,1423.5,1410.01,1410.7,1422.22,-11.52,-0.81,23854.67,3370562659.0
600519.SH,2025-07-08,1410.71,1420.0,1410.7,1416.11,1410.7,5.41,0.3835,18673.7,2643302691.0
600519.SH,2025-07-09,1415.0,1429.97,1414.17,1418.88,1416.11,2.77,0.1956,27745.32,3950810723.0
600519.SH,2025-07-10,1418.97,1436.18,1410.4,1426.5,1418.88,7.62,0.537,38725.03,5503329754.0
600519.SH,2025-07-11,1423.16,1458.0,1423.16,1427.0,1426.5,0.5,0.0351,57243.35,8239010390.0
600519.SH,2025-07-14,1430.0,1434.98,1421.6,1423.6,1427.0,-3.4,-0.2383,27780.94,3961736006.0
600519.SH,2025-07-15,1420.98,1422.93,1408.32,1411.0,1423.6,-12.6,-0.8851,35405.78,5005150165.0
600519.SH,2025-07-16,1410.01,1417.49,1409.95,1411.03,1411.0,0.03,0.0021,21286.05,3006882579.0
600519.SH,2025-07-17,1413.98,1423.01,1412.88,1416.35,1411.03,5.32,0.377,23105.54,3273100406.0
600519.SH,2025-07-18,1420.0,1437.81,1416.38,1437.0,1416.35,20.65,1.458,41823.41,5984949774.0
600519.SH,2025-07-21,1436.99,1446.8,1435.0,1443.0,1437.0,6.0,0.4175,26203.31,3779891829.0
600519.SH,2025-07-22,1444.0,1466.6,1440.68,1464.98,1443.0,21.98,1.5232,42118.98,6127636851.0
600519.SH,2025-07-23,1469.0,1495.0,1468.95,1475.5,1464.98,10.52,0.7181,45044.84,6676301462.0
600519.SH,2025-07-24,1476.0,1499.0,1475.0,1491.5,1475.5,16.0,1.0844,38803.64,5786337377.0
600519.SH,2025-07-25,1491.4,1491.4,1453.0,1455.0,1491.5,-36.5,-2.4472,41911.26,6140078741.0
600519.SH,2025-07-28,1453.0,1454.99,1436.3,1438.66,1455.0,-16.34,-1.123,38586.32,5560966386.0
600519.SH,2025-07-29,1439.6,1448.79,1435.01,1439.0,1438.66,0.34,0.0236,26304.08,3785848102.0
600519.SH,2025-07-30,1444.0,1457.16,1437.0,1449.44,1439.0,10.44,0.7255,31867.71,4612883040.0
600519.SH,2025-07-31,1443.0,1444.87,1418.0,1421.67,1449.44,-27.77,-1.9159,51797.51,7386302758.0
600519.SH,2025-08-01,1421.87,1425.96,1414.0,1417.0,1421.67,-4.67,-0.3285,29635.59,4200850790.0
600519.SH,2025-08-04,1415.0,1419.8,1414.0,1419.0,1417.0,2.0,0.1411,18687.95,2647105740.0
600519.SH,2025-08-05,1421.0,1429.94,1417.11,1427.74,1419.0,8.74,0.6159,25342.27,3607931488.0
600519.SH,2025-08-06,1429.0,1429.0,1419.3,1423.88,1427.74,-3.86,-0.2704,23699.28,3372334940.0
600519.SH,2025-08-07,1423.88,1427.7,1420.06,1422.35,1423.88,-1.53,-0.1075,28001.34,3988765795.0
600519.SH,2025-08-08,1423.05,1426.5,1418.0,1420.97,1422.35,-1.38,-0.097,18655.28,2651478118.0
600519.SH,2025-08-11,1423.5,1451.99,1423.0,1445.0,1420.97,24.03,1.6911,47159.07,6794034090.0
600519.SH,2025-08-12,1449.0,1465.07,1436.0,1437.04,1445.0,-7.96,-0.5509,42019.23,6095342036.0
600519.SH,2025-08-13,1425.0,1433.68,1420.0,1420.05,1437.04,-16.99,-1.1823,65527.54,9325460101.0
600519.SH,2025-08-14,1420.94,1447.51,1420.94,1426.99,1420.05,6.94,0.4887,48129.3,6897535330.0
600519.SH,2025-08-15,1426.01,1428.66,1420.22,1422.08,1426.99,-4.91,-0.3441,47581.65,6772436997.0
600519.SH,2025-08-18,1426.99,1436.64,1423.1,1428.5,1422.08,6.42,0.4515,47377.98,6773477871.0
600519.SH,2025-08-19,1433.5,1446.66,1432.0,1438.0,1428.5,9.5,0.665,46371.86,6678541001.0
600519.SH,2025-08-20,1438.0,1452.8,1430.02,1450.0,1438.0,12.0,0.8345,45804.66,6623095725.0
600519.SH,2025-08-21,1453.45,1454.99,1443.65,1448.25,1450.0,-1.75,-0.1207,30890.57,4470441662.0
600519.SH,2025-08-22,1448.88,1464.0,1444.77,1463.95,1448.25,15.7,1.0841,44970.58,6544867368.0
600519.SH,2025-08-25,1470.01,1496.0,1466.0,1490.33,1463.95,26.38,1.802,65324.55,9676719498.0
600519.SH,2025-08-26,1490.32,1494.23,1480.01,1481.61,1490.33,-8.72,-0.5851,39602.13,5883917000.0
600519.SH,2025-08-27,1481.88,1484.93,1448.0,1448.0,1481.61,-33.61,-2.2685,56006.09,8184169113.0
600519.SH,2025-08-28,1447.97,1456.1,1438.77,1446.1,1448.0,-1.9,-0.1312,39281.77,5683673273.0
600519.SH,2025-08-29,1453.0,1482.58,1452.0,1480.0,1446.1,33.9,2.3442,62256.48,9159701454.0
600519.SH,2025-09-01,1482.2,1488.0,1465.7,1476.1,1480.0,-3.9,-0.2635,45123.38,6658918555.0
600519.SH,2025-09-02,1478.66,1509.0,1478.0,1491.3,1476.1,15.2,1.0297,56688.37,8470012816.0
600519.SH,2025-09-03,1491.0,1503.5,1466.0,1480.55,1491.3,-10.75,-0.7208,45045.03,6656011145.0
600519.SH,2025-09-04,1472.0,1479.3,1460.47,1472.66,1480.55,-7.89,-0.5329,47746.76,7017084750.0
600519.SH,2025-09-05,1471.0,1486.97,1464.0,1483.0,1472.66,10.34,0.7021,37388.48,5519312163.0
600519.SH,2025-09-08,1483.0,1506.44,1477.5,1501.23,1483.0,18.23,1.2293,51382.98,7682065696.0
600519.SH,2025-09-09,1505.0,1509.95,1493.42,1505.0,1501.23,3.77,0.2511,35742.77,5366650005.0
600519.SH,2025-09-10,1506.66,1529.95,1496.0,1522.01,1505.0,17.01,1.1302,49663.31,7541460049.0
600519.SH,2025-09-11,1522.01,1526.02,1508.5,1523.5,1522.01,1.49,0.0979,37238.96,5642778456.0
600519.SH,2025-09-12,1526.0,1538.02,1510.53,1516.0,1523.5,-7.5,-0.4923,33722.09,5132184935.0
600519.SH,2025-09-15,1515.87,1517.48,1501.5,1515.1,1516.0,-0.9,-0.0594,25827.03,3901929718.0
600519.SH,2025-09-16,1515.1,1520.99,1496.21,1499.98,1515.1,-15.12,-0.998,32717.89,4928374478.0
600519.SH,2025-09-17,1499.99,1510.28,1490.01,1493.0,1499.98,-6.98,-0.4653,30330.54,4534770634.0
600519.SH,2025-09-18,1492.0,1497.8,1463.5,1467.96,1493.0,-25.04,-1.6772,49721.25,7347477479.0
600519.SH,2025-09-19,1467.99,1475.5,1457.01,1467.97,1467.96,0.01,0.0007,32636.62,4784528851.0
600519.SH,2025-09-22,1465.09,1467.97,1450.01,1453.35,1467.97,-14.62,-0.9959,34947.08,5085057536.0
600519.SH,2025-09-23,1450.5,1457.5,1440.0,1447.42,1453.35,-5.93,-0.408,38663.0,5588384388.0
600519.SH,2025-09-24,1434.07,1456.78,1434.07,1442.0,1447.42,-5.42,-0.3745,30743.5,4443052872.0
600519.SH,2025-09-25,1442.83,1445.21,1436.0,1439.0,1442.0,-3.0,-0.208,33869.73,4873274661.0
600519.SH,2025-09-26,1441.18,1447.11,1428.01,1435.0,1439.0,-4.0,-0.278,45120.71,6480889597.0
600519.SH,2025-09-29,1439.38,1469.99,1435.0,1460.86,1435.0,25.86,1.8021,53684.03,7798434586.0
600519.SH,2025-09-30,1460.0,1460.76,1440.0,1443.99,1460.86,-16.87,-1.1548,39363.62,5687474876.0
600519.SH,2025-10-09,1436.0,1439.38,1420.0,1436.78,1443.99,-7.21,-0.4993,54918.12,7845448947.0
600519.SH,2025-10-10,1437.6,1439.94,1427.5,1430.0,1436.78,-6.78,-0.4719,36001.44,5157459262.0
600519.SH,2025-10-13,1415.7,1422.85,1415.12,1419.2,1430.0,-10.8,-0.7552,46068.8,6533147458.0
600519.SH,2025-10-14,1429.99,1464.0,1429.99,1451.02,1419.2,31.82,2.2421,66672.33,9639484605.0
600519.SH,2025-10-15,1450.98,1463.0,1445.08,1462.0,1451.02,10.98,0.7567,42785.4,6233407482.0
600519.SH,2025-10-16,1461.92,1484.95,1458.88,1484.91,1462.0,22.91,1.567,45730.15,6749162949.0
600519.SH,2025-10-17,1483.1,1488.0,1454.03,1455.0,1484.91,-29.91,-2.0143,38085.89,5594724900.0
600519.SH,2025-10-20,1455.0,1469.5,1454.88,1457.93,1455.0,2.93,0.2014,25949.88,3793283759.0
600519.SH,2025-10-21,1459.0,1469.94,1455.5,1462.26,1457.93,4.33,0.297,25442.67,3727984130.0
600519.SH,2025-10-22,1462.08,1465.73,1456.0,1458.7,1462.26,-3.56,-0.2435,18194.92,2657486636.0
600519.SH,2025-10-23,1455.0,1468.8,1447.2,1467.98,1458.7,9.28,0.6362,29322.35,4274652090.0
600519.SH,2025-10-24,1467.95,1478.88,1449.34,1450.0,1467.98,-17.98,-1.2248,38225.83,5578603148.0
600519.SH,2025-10-27,1440.0,1452.49,1435.99,1440.41,1450.0,-9.59,-0.6614,37102.39,5352667152.0
600519.SH,2025-10-28,1442.0,1451.2,1441.1,1445.0,1440.41,4.59,0.3187,27124.33,3923817140.0
600519.SH,2025-10-29,1440.02,1446.55,1430.04,1431.9,1445.0,-13.1,-0.9066,33937.11,4868780319.0
600519.SH,2025-10-30,1421.81,1436.63,1421.81,1426.74,1431.9,-5.16,-0.3604,47456.1,6768821311.0
600519.SH,2025-10-31,1422.0,1435.98,1420.11,1430.01,1426.74,3.27,0.2292,35693.77,5109623861.0
600519.SH,2025-11-03,1431.0,1448.0,1420.1,1435.0,1430.01,4.99,0.3489,34547.66,4945310830.0
600519.SH,2025-11-04,1435.1,1435.78,1423.78,1429.0,1435.0,-6.0,-0.4181,26565.72,3793892903.0
600519.SH,2025-11-05,1425.89,1430.99,1420.01,1420.08,1429.0,-8.92,-0.6242,34475.27,4908475373.0
600519.SH,2025-11-06,1430.0,1441.45,1429.99,1435.13,1420.08,15.05,1.0598,38347.82,5505960415.0
600519.SH,2025-11-07,1435.11,1439.78,1431.11,1433.33,1435.13,-1.8,-0.1254,18861.39,2704995856.0
600519.SH,2025-11-10,1435.0,1463.69,1434.98,1462.3,1433.33,28.97,2.0212,49451.54,7181246441.0
600519.SH,2025-11-11,1462.0,1462.18,1447.0,1458.99,1462.3,-3.31,-0.2264,26691.56,3882776772.0
600519.SH,2025-11-12,1459.98,1478.36,1459.21,1465.15,1458.99,6.16,0.4222,32992.1,4849073051.0
600519.SH,2025-11-13,1462.12,1473.58,1458.0,1470.38,1465.15,5.23,0.357,31179.23,4569178269.0
600519.SH,2025-11-14,1470.0,1478.95,1456.3,1456.6,1470.38,-13.78,-0.9372,27473.06,4031007106.0
600519.SH,2025-11-17,1454.0,1473.0,1445.79,1471.0,1456.6,14.4,0.9886,34462.21,5035780027.0
600519.SH,2025-11-18,1470.7,1486.07,1469.0,1476.0,1471.0,5.0,0.3399,34204.78,5055675474.0
600519.SH,2025-11-19,1474.0,1479.53,1469.96,1471.01,1476.0,-4.99,-0.3381,22045.37,3249449214.0
600519.SH,2025-11-20,1472.0,1479.9,1465.03,1467.11,1471.01,-3.9,-0.2651,24002.32,3531653943.0
600519.SH,2025-11-21,1470.5,1480.0,1456.0,1466.6,1467.11,-0.51,-0.0348,42607.2,6259873433.0
600519.SH,2025-11-24,1467.0,1471.0,1451.13,1452.0,1466.6,-14.6,-0.9955,33607.44,4901903705.0
600519.SH,2025-11-25,1458.0,1458.0,1444.5,1444.65,1452.0,-7.35,-0.5062,28440.69,4119930011.0
600519.SH,2025-11-26,1448.88,1453.49,1443.58,1449.15,1444.65,4.5,0.3115,20306.16,2938818095.0
600519.SH,2025-11-27,1449.5,1450.0,1439.04,1447.3,1449.15,-1.85,-0.1277,22286.89,3216797187.0
600519.SH,2025-11-28,1446.5,1455.5,1443.0,1450.5,1447.3,3.2,0.2211,23211.21,3366696622.0
600519.SH,2025-12-01,1451.0,1462.27,1442.0,1448.0,1450.5,-2.5,-0.1724,27333.42,3961994999.0
600519.SH,2025-12-02,1448.0,1451.92,1435.02,1436.03,1448.0,-11.97,-0.8267,25047.26,3607543825.0
600519.SH,2025-12-03,1435.81,1435.97,1428.0,1429.1,1436.03,-6.93,-0.4826,23572.79,3370080066.0
600519.SH,2025-12-04,1429.1,1432.5,1418.38,1423.98,1429.1,-5.12,-0.3583,29075.39,4134921902.0
600519.SH,2025-12-05,1423.98,1433.09,1419.5,1430.01,1423.98,6.03,0.4235,25401.66,3622681597.0
600519.SH,2025-12-08,1429.2,1436.67,1418.0,1418.22,1430.01,-11.79,-0.8245,33602.8,4789155770.0
600519.SH,2025-12-09,1418.23,1421.0,1400.05,1401.01,1418.22,-17.21,-1.2135,42634.43,5995722121.0
600519.SH,2025-12-10,1400.0,1402.8,1383.18,1402.8,1401.01,1.79,0.1278,33133.47,4625906139.0
600519.SH,2025-12-11,1406.66,1411.99,1401.55,1411.99,1402.8,9.19,0.6551,22385.01,3149974074.0
600519.SH,2025-12-12,1418.0,1425.0,1413.57,1420.65,1411.99,8.66,0.6133,37159.19,5273563274.0
600519.SH,2025-12-15,1439.59,1439.99,1425.57,1426.0,1420.65,5.35,0.3766,33358.79,4774362060.0
600519.SH,2025-12-16,1426.2,1428.78,1415.0,1422.0,1426.0,-4.0,-0.2805,23963.67,3403139194.0
600519.SH,2025-12-17,1425.0,1439.94,1417.68,1433.1,1422.0,11.1,0.7806,31382.49,4489482138.0
600519.SH,2025-12-18,1433.5,1438.88,1426.11,1431.0,1433.1,-2.1,-0.1465,17829.95,2551177659.0
600519.SH,2025-12-19,1410.0,1412.45,1401.01,1410.0,1407.04,2.96,0.2104,26508.68,3733028357.0
600519.SH,2025-12-22,1410.0,1414.14,1406.58,1408.26,1410.0,-1.74,-0.1234,20425.65,2881636856.0
600519.SH,2025-12-23,1408.26,1412.93,1397.19,1407.86,1408.26,-0.4,-0.0284,24506.81,3445377032.0
600519.SH,2025-12-24,1404.99,1406.36,1400.0,1400.9,1407.86,-6.96,-0.4944,25186.69,3533253565.0
600519.SH,2025-12-25,1405.0,1419.48,1401.38,1414.17,1400.9,13.27,0.9472,23386.21,3299572096.0
600519.SH,2025-12-26,1414.17,1419.14,1410.0,1414.13,1414.17,-0.04,-0.0028,17802.99,2520605635.0
600519.SH,2025-12-29,1414.13,1414.13,1401.0,1402.0,1414.13,-12.13,-0.8578,26308.1,3694660107.0
600519.SH,2025-12-30,1401.0,1401.9,1386.0,1389.72,1402.0,-12.28,-0.8759,33791.94,4702489813.0
600519.SH,2025-12-31,1390.0,1394.0,1377.17,1377.18,1389.72,-12.54,-0.9023,34765.63,4799456452.0
600519.SH,2026-01-05,1385.0,1431.88,1385.0,1426.0,1377.18,48.82,3.5449,70949.42,10018086372.0
600519.SH,2026-01-06,1432.55,1436.97,1416.53,1428.01,1426.0,2.01,0.141,39586.18,5649710153.0
600519.SH,2026-01-07,1432.88,1435.0,1420.2,1423.36,1428.01,-4.65,-0.3256,29683.8,4234255286.0000005
600519.SH,2026-01-08,1423.33,1423.36,1408.14,1412.3,1423.36,-11.06,-0.777,29134.54,4117925041.0
600519.SH,2026-01-09,1417.0,1428.6,1416.01,1419.1,1412.3,6.8,0.4815,29847.74,4243865417.9999995
600519.SH,2026-01-12,1419.1,1431.0,1417.1,1423.23,1419.1,4.13,0.291,36082.66,5135636033.0
600519.SH,2026-01-13,1426.79,1429.52,1408.99,1411.0,1423.23,-12.23,-0.8593,39168.66,5555633779.0
600519.SH,2026-01-14,1411.0,1422.25,1396.18,1398.01,1411.0,-12.99,-0.9206,51757.97,7285041159.0
600519.SH,2026-01-15,1396.02,1402.83,1388.58,1388.89,1398.01,-9.12,-0.6524,40907.14,5698739671.0
600519.SH,2026-01-16,1395.0,1397.5,1380.0,1382.0,1388.89,-6.89,-0.4961,55120.68,7643061998.0
600519.SH,2026-01-19,1381.9,1387.49,1375.0,1376.0,1382.0,-6.0,-0.4342,42286.4,5833745442.0
600519.SH,2026-01-20,1379.5,1381.58,1372.05,1373.55,1376.0,-2.45,-0.1781,36484.43,5021900765.0
600519.SH,2026-01-21,1373.56,1374.4,1350.0,1351.06,1373.55,-22.49,-1.6374,64516.25,8775880803.0
600519.SH,2026-01-22,1352.01,1361.76,1337.48,1340.06,1351.06,-11.0,-0.8142,59010.89,7962441434.0
600519.SH,2026-01-23,1340.1,1348.0,1332.47,1337.0,1340.06,-3.06,-0.2283,61948.9,8301311489.0
600519.SH,2026-01-26,1340.51,1355.0,1325.12,1342.0,1337.0,5.0,0.374,80166.06,10751225525.0
600519.SH,2026-01-27,1344.98,1353.7,1338.0,1343.01,1342.0,1.01,0.0753,48415.96,6514513216.0
600519.SH,2026-01-28,1343.04,1346.71,1322.01,1323.69,1343.01,-19.32,-1.4386,76218.01,10135019524.0
600519.SH,2026-01-29,1335.0,1445.0,1329.06,1437.72,1323.69,114.03,8.6146,189534.4,26305591086.0
600519.SH,2026-01-30,1435.0,1435.0,1401.0,1401.0,1437.72,-36.72,-2.554,94479.74,13366329414.0
600519.SH,2026-02-02,1425.0,1458.58,1411.62,1427.0,1401.0,26.0,1.8558,85724.27,12312646443.0
600519.SH,2026-02-03,1445.0,1476.81,1443.03,1474.92,1427.0,47.92,3.3581,86320.66,12628439703.0
600519.SH,2026-02-04,1485.0,1533.27,1474.0,1525.0,1474.92,50.08,3.3954,109122.93,16444345980.0
600519.SH,2026-02-05,1520.0,1565.0,1515.0,1555.0,1525.0,30.0,1.9672,91622.74,14183456476.0
600519.SH,2026-02-06,1555.0,1568.0,1505.88,1515.01,1555.0,-39.99,-2.5717,78965.38,12019878669.0
600519.SH,2026-02-09,1518.0,1542.88,1513.49,1524.96,1515.01,9.95,0.6568,51168.46,7809067705.0
600519.SH,2026-02-10,1524.97,1524.97,1496.5,1504.8,1524.96,-20.16,-1.322,39575.96,5953269321.0
600519.SH,2026-02-11,1504.8,1514.0,1496.0,1504.33,1504.8,-0.47,-0.0312,30928.46,4648360030.0
600519.SH,2026-02-12,1500.2,1502.82,1473.36,1486.6,1504.33,-17.73,-1.1786,46245.82,6874370113.0
600519.SH,2026-02-13,1486.6,1507.8,1470.58,1485.3,1486.6,-1.3,-0.0874,41679.01,6216379203.0
600519.SH,2026-02-24,1521.0,1524.4,1463.6,1466.8,1485.3,-18.5,-1.2455,41912.53,6198840572.0
600519.SH,2026-02-25,1470.0,1509.66,1467.88,1491.66,1466.8,24.86,1.6948,36880.67,5490316149.0
600519.SH,2026-02-26,1486.6,1489.49,1464.67,1466.21,1491.66,-25.45,-1.7062,32958.01,4855471430.0
600519.SH,2026-02-27,1466.99,1476.21,1455.02,1455.02,1466.21,-11.19,-0.7632,32160.16,4697692477.0
